{
  "hash": "dc49cab6",
  "configHash": "520c40a4",
  "lockfileHash": "6da5a74d",
  "browserHash": "ec11fc40",
  "optimized": {
    "react": {
      "src": "../../react/index.js",
      "file": "react.js",
      "fileHash": "5b90a351",
      "needsInterop": true
    },
    "react-dom": {
      "src": "../../react-dom/index.js",
      "file": "react-dom.js",
      "fileHash": "c67f22aa",
      "needsInterop": true
    },
    "react/jsx-dev-runtime": {
      "src": "../../react/jsx-dev-runtime.js",
      "file": "react_jsx-dev-runtime.js",
      "fileHash": "b45a640c",
      "needsInterop": true
    },
    "react/jsx-runtime": {
      "src": "../../react/jsx-runtime.js",
      "file": "react_jsx-runtime.js",
      "fileHash": "f733bb3e",
      "needsInterop": true
    },
    "@google/genai": {
      "src": "../../@google/genai/dist/web/index.mjs",
      "file": "@google_genai.js",
      "fileHash": "228104fb",
      "needsInterop": false
    },
    "react-dom/client": {
      "src": "../../react-dom/client.js",
      "file": "react-dom_client.js",
      "fileHash": "351e05f7",
      "needsInterop": true
    },
    "react-router-dom": {
      "src": "../../react-router-dom/dist/index.mjs",
      "file": "react-router-dom.js",
      "fileHash": "e209a60b",
      "needsInterop": false
    }
  },
  "chunks": {
    "chunk-RPXCWSQR": {
      "file": "chunk-RPXCWSQR.js"
    },
    "chunk-KXFOPGTJ": {
      "file": "chunk-KXFOPGTJ.js"
    },
    "chunk-5WRI5ZAA": {
      "file": "chunk-5WRI5ZAA.js"
    }
  }
}